{
  "licenseType": "Unknown",
  "dc:description": "Imported at Tue Sep 05 08:26:19 PDT 2017 from IND_adm2.kml.",
  "exportable": true,
  "dc:title": "IND_adm2",
  "dc:modified": "2017-09-14T12:03:26Z",
  "dc:identifier": "1PA2zwArj8EsplrX9eMxJ2H_TICyyx855KPnbJhC1",
  "tableSchema": {"columns": [
    {
      "datatype": "string",
      "name": "col0",
      "validateData": false,
      "title": "description"
    },
    {
      "datatype": "string",
      "name": "col1",
      "validateData": false,
      "title": "name"
    },
    {
      "datatype": "location",
      "name": "col2",
      "validateData": false,
      "title": "geometry"
    }
  ]}
}